119Vik;-Individual;1900-01-01;2100-01-01;1
aababilov;Grid Dynamics;2011-07-12;2100-01-01;7
Aaron Crickenberger;HP;1900-01-01;2100-01-01;8
Aaron Lee;Rackspace;1900-01-01;2100-01-01;39
Aaron Rosen;Nicira;1900-01-01;2012-07-23;4
Aaron Rosen;VMware;2012-07-23;2100-01-01;201
Aarti;Rackspace;2013-05-23;2100-01-01;10
Abhijeet Malawade;NTT;2013-08-20;2100-01-01;3
Abhinav Srivastava;AT&T;1900-01-01;2100-01-01;1
Abhishek Lahiri;Symantec Corp.;1900-01-01;2100-01-01;1
Abhishek Raut;Cisco Systems;2013-08-09;2100-01-01;5
Adalberto Medeiros;IBM;1900-01-01;2100-01-01;8
Adam Gandelman;Canonical;1900-01-01;2100-01-01;72
Adam Johnson;Midokura;1900-01-01;2100-01-01;2
Adam Spiers;SUSE;1900-01-01;2100-01-01;3
Adam Young;Red Hat;1900-01-01;2100-01-01;117
Adin Scannell;Gridcentric;1900-01-01;2100-01-01;1
Aditi Raveesh;Rackspace;1900-01-01;2100-01-01;5
Adrian Smith;Dell;1900-01-01;2100-01-01;14
Adrien Cunin;Linagora;1900-01-01;2100-01-01;2
afazekas;Red Hat;1900-01-01;2100-01-01;144
Ahmad Hassan;HP;1900-01-01;2100-01-01;9
Akihiro MOTOKI;NEC;1900-01-01;2100-01-01;189
Ala Rezmerita;Cloudwatt;1900-01-01;2100-01-01;4
Alan Jiang;IBM;2013-08-20;2100-01-01;3
Alan Meadows;-Individual;1900-01-01;2100-01-01;1
Alan Pevec;Red Hat;1900-01-01;2100-01-01;53
Alejandro Cabrera;Rackspace;2013-07-11;2100-01-01;35
Alessio Ababilov;Grid Dynamics;1900-01-01;2013-01-15;18
Alessio Ababilov;Yahoo!;2013-01-15;2100-01-01;52
Alex Gaynor;Rackspace;1900-01-01;2100-01-01;74
Alex Glikson;IBM;1900-01-01;2100-01-01;10
Alex Meade;Rackspace;1900-01-01;2100-01-01;313
Alex Yang;Sina;1900-01-01;2100-01-01;5
Alexander Gordeev;Mirantis;1900-01-01;2100-01-01;9
Alexander Gorodnev;Mirantis;2013-07-16;2100-01-01;6
Alexander Sakhnov;Mirantis;1900-01-01;2100-01-01;3
Alexei Kornienko;Mirantis;1900-01-01;2100-01-01;32
Alexey Izbyshev;ISPRAS;1900-01-01;2100-01-01;3
Alexey Ovchinnikov;Mirantis;1900-01-01;2100-01-01;1
alexpilotti;Microsoft;1900-01-01;2100-01-01;65
Allan Feid;Shutterstock;1900-01-01;2100-01-01;5
alop;AT&T;1900-01-01;2100-01-01;1
Alvaro Lopez Garcia;IFCA;1900-01-01;2100-01-01;47
Amala Basha;Rackspace;1900-01-01;2100-01-01;1
AmalaBasha;Rackspace;2013-05-29;2100-01-01;5
Amir Sadoughi;Rackspace;1900-01-01;2100-01-01;3
Anastasia Latynskaya;Mirantis;1900-01-01;2100-01-01;3
anc;HP;2013-07-15;2100-01-01;2
Andre Pech;Arista Networks;1900-01-01;2100-01-01;1
Andrea Frittoli;HP;1900-01-01;2100-01-01;9
Andrea Rosa;HP;1900-01-01;2100-01-01;8
Andreas Jaeger;SUSE;1900-01-01;2100-01-01;260
Andrew Bogott;Wikimedia Foundation;1900-01-01;2100-01-01;55
Andrew Clay Shafer;Cloudscaling;1900-01-01;2100-01-01;4
Andrew Forrest;AT&T;1900-01-01;2100-01-01;3
Andrew Glen-Young;Canonical;1900-01-01;2100-01-01;1
Andrew James;HP;1900-01-01;2100-01-01;1
Andrew Laski;Rackspace;1900-01-01;2100-01-01;68
Andrew Melton;Rackspace;1900-01-01;2100-01-01;4
Andrew Plunk;Rackspace;1900-01-01;2100-01-01;13
Andrew Tranquada;Rackspace;1900-01-01;2100-01-01;1
Andrey Brindeyev;Grid Dynamics;1900-01-01;2100-01-01;4
Andrey Shestakov;Mirantis;2013-08-14;2100-01-01;6
Andy Chong;Delta;1900-01-01;2100-01-01;60
Andy Edmonds;Nebula;2012-07-20;2100-01-01;2
Andy Hill;Rackspace;1900-01-01;2100-01-01;2
Andy McCallum;Aptira;1900-01-01;2100-01-01;2
Andy McCrae;Rackspace;1900-01-01;2100-01-01;8
Andy Southgate;Citrix;1900-01-01;2100-01-01;12
Angus Salkeld;Red Hat;1900-01-01;2100-01-01;506
Anita Kuno;eNovance;2012-11-26;2100-01-01;36
Anju Tiwari;NEC;1900-01-01;2100-01-01;10
Ann Kamyshnikova;Mirantis;1900-01-01;2100-01-01;18
Anna Shen;HP;2012-11-15;2100-01-01;16
Annapoornima Koppad;-Individual;1900-01-01;2100-01-01;2
Anne Gentle;Rackspace;2010-09-21;2100-01-01;35
annegentle;Rackspace;1900-01-01;2100-01-01;754
Anson Y.W;UnitedStack;1900-01-01;2100-01-01;1
Ante Karamatic;Canonical;1900-01-01;2100-01-01;5
Antoine Musso;Wikimedia Foundation;1900-01-01;2100-01-01;70
Anton Frolov;Mirantis;1900-01-01;2100-01-01;4
Anton V. Yanchenko;Mirantis;1900-01-01;2100-01-01;3
Antony Messerli;Rackspace;1900-01-01;2100-01-01;7
Arata Notsu;VirtualTech;2012-08-22;2100-01-01;63
Arathi;Persistent;1900-01-01;2100-01-01;3
Armando Migliaccio;Citrix;1900-01-01;2012-04-01;82
Armando Migliaccio;Internap;2012-04-01;2100-01-01;22
armando-migliaccio;Nicira;2013-04-25;2100-01-01;60
Arnaud Fabre;CSC;1900-01-01;2100-01-01;26
Arnaud Legendre;VMware;1900-01-01;2100-01-01;1
Arvind Somy;Cisco Systems;1900-01-01;2100-01-01;37
Arvind Somya asomya@cisco.com;Cisco Systems;2011-06-24;2100-01-01;2
Arvind Tiwari;HP;2013-09-18;2100-01-01;1
Ashish Chandra;NTT;1900-01-01;2100-01-01;3
Ashley McNamara;-Individual;1900-01-01;2100-01-01;1
Aswad Rangnekar;NTT;2013-07-12;2100-01-01;2
atul jha;CSS Corp;1900-01-01;2100-01-01;22
Auston McReynolds;eBay;1900-01-01;2100-01-01;6
Avinash Prasad;NTT;1900-01-01;2100-01-01;2
Avishay Balderman;Radware;1900-01-01;2100-01-01;8
Avishay Traeger;IBM;1900-01-01;2100-01-01;79
ayoung;Red Hat;1900-01-01;2100-01-01;1
Baodong (Robert) Li;Cisco Systems;1900-01-01;2100-01-01;4
Bartosz Górski;-Individual;1900-01-01;2100-01-01;15
Belmiro Moreira;CERN;1900-01-01;2100-01-01;5
Ben Andrews;Nebula;1900-01-01;2100-01-01;2
Ben McCann;Connectifier Inc.;1900-01-01;2100-01-01;1
Ben McGraw;Piston Cloud;1900-01-01;2100-01-01;2
Ben Nemec;-Individual;2013-07-13;2013-09-08;17
Ben Nemec;IBM;1900-01-01;2013-07-12;17
Ben Nemec;Red Hat;2013-09-08;2100-01-01;9
Ben Swartzlander;NetApp;1900-01-01;2100-01-01;18
Benjamin Kerensa;Canonical;1900-01-01;2100-01-01;2
berlin;VMware;1900-01-01;2100-01-01;2
Bernhard M. Wiedemann;SUSE;1900-01-01;2100-01-01;6
Bhuvan Arumugam;IBM;1900-01-01;2100-01-01;37
Bill Owen;IBM;2013-07-23;2100-01-01;12
Bill Rich;RightScale Inc.;1900-01-01;2100-01-01;3
Bob Ball;Citrix;1900-01-01;2100-01-01;22
Bob Kukura;Red Hat;1900-01-01;2100-01-01;34
Bob Melander;Cisco Systems;1900-01-01;2100-01-01;3
boden;IBM;1900-01-01;2100-01-01;1
Boris Filippov;Grid Dynamics;1900-01-01;2100-01-01;11
Boris Pavlovic;Mirantis;1900-01-01;2100-01-01;78
Brad Hall;Nicira;1900-01-01;2012-07-23;90
Brad Knowles;Momentum SI;1900-01-01;2100-01-01;3
Brad McConnell bmcconne@rackspace.com;Rackspace;1900-01-01;2100-01-01;3
Brad Pokorny;IBM;2013-07-29;2100-01-01;7
Brad Topol;IBM;1900-01-01;2100-01-01;4
Bradley Jones;Cisco Systems;1900-01-01;2100-01-01;3
Brandon Holtsclaw;-Individual;1900-01-01;2100-01-01;2
Brant Knudson;IBM;1900-01-01;2100-01-01;78
Brendan Maguire;Dell;2011-09-28;2100-01-01;3
Brent Eagles;Red Hat;1900-01-01;2100-01-01;11
Brent Roskos;Internap;1900-01-01;2100-01-01;2
Brian Cline;IBM;1900-01-01;2100-01-01;7
Brian Curtin;Rackspace;2013-09-19;2100-01-01;1
Brian D. Burns;-Individual;1900-01-01;2100-01-01;3
Brian Elliott;Rackspace;1900-01-01;2100-01-01;92
Brian Haley;HP;1900-01-01;2100-01-01;7
Brian Rosmaita;Rackspace;1900-01-01;2100-01-01;15
Brian Schott;ISI;1900-01-01;2100-01-01;3
Brian Waldon;Nebula;2012-07-20;2100-01-01;207
Brian Waldon;Rackspace;1900-01-01;2012-07-20;764
brian-lamar;Rackspace;1900-01-01;2100-01-01;319
Brianna Poulos;JHU APL;1900-01-01;2100-01-01;2
Brooklyn Chen;Canonical;1900-01-01;2100-01-01;10
Bruno Semperlotti;-Individual;1900-01-01;2100-01-01;1
Bryan D. Payne;Nebula;1900-01-01;2100-01-01;8
Bryan Davidson;Rackspace;2013-03-14;2100-01-01;6
Burt Holzman;Fermilab;1900-01-01;2100-01-01;13
Carl Baldwin;HP;1900-01-01;2100-01-01;9
Carlos D. Garza;Rackspace;2013-05-24;2100-01-01;2
Carlos Marin;Rackspace;1900-01-01;2100-01-01;11
Cedric Soulas;Cloudwatt;1900-01-01;2100-01-01;2
Cerberus;Rackspace;1900-01-01;2100-01-01;279
Chang Bo Guo;IBM;2013-05-29;2100-01-01;33
Changbin Liu;AT&T;1900-01-01;2100-01-01;2
Charles V Bock;Intel;2013-08-12;2100-01-01;1
Cheng Hui;Sina;1900-01-01;2013-10-03;2
Chet Burgess;Metacloud;1900-01-01;2100-01-01;19
Chiradeep Vittal;Citrix Systems;1900-01-01;2100-01-01;24
Chmouel Boudjnah;eNovance;2012-10-01;2100-01-01;53
Chmouel Boudjnah;Rackspace;1900-01-01;2012-10-01;109
Chris Alfonso;Red Hat;1900-01-01;2100-01-01;80
Chris Allnutt;Rackspace;1900-01-01;2100-01-01;1
Chris Behrens;Rackspace;1900-01-01;2100-01-01;463
chris fattarsi;Piston Cloud;1900-01-01;2100-01-01;8
Chris Johnson;HP;1900-01-01;2100-01-01;1
Chris Jones;Canonical;2012-10-24;2100-01-01;53
Chris Krelle;-Individual;1900-01-01;2100-01-01;54
Chris Ricker;Cisco Systems;1900-01-01;2100-01-01;2
Chris Wedgwood;Cloudscaling;1900-01-01;2100-01-01;5
Chris Yeoh;IBM;1900-01-01;2100-01-01;161
Christian Berendt;B1 Systems;1900-01-01;2100-01-01;125
Christian Schwede;DKRZ;1900-01-01;2100-01-01;4
Christoph Gysin;Ericsson;1900-01-01;2100-01-01;1
Christoph Kassen;Deutsche Telekom;1900-01-01;2100-01-01;2
Christoph Thiel;SUSE;1900-01-01;2100-01-01;6
Christophe Sauthier;Objectif-libre;1900-01-01;2100-01-01;5
Christopher Armstrong;Rackspace;2013-06-06;2100-01-01;5
Christopher Lefelhocz;Rackspace;2013-08-29;2100-01-01;2
Christopher MacGown;Piston Cloud;1900-01-01;2100-01-01;33
Chuck;Rackspace;1900-01-01;2100-01-01;102
Chuck Short;Canonical;1900-01-01;2100-01-01;255
Chuck Short;Rackspace;1900-01-01;2100-01-01;255
Cian O'Driscoll;HP;1900-01-01;2100-01-01;5
Clark Boylan;HP;2012-04-23;2100-01-01;593
Claudiu Belu;Cloudbase Solutions;1900-01-01;2100-01-01;2
Claxton;Rackspace;1900-01-01;2100-01-01;1
clayg;Rackspace;1900-01-01;2100-01-01;135
Clint Byrum;Canonical;1900-01-01;2100-01-01;270
Cody A.W. Somerville;HP;1900-01-01;2100-01-01;5
Cole Robinson;Red Hat;1900-01-01;2100-01-01;10
Colin McNamara;Nexus IS;1900-01-01;2100-01-01;17
Colin Nicholson;iomart Group;1900-01-01;2100-01-01;6
Conrad Weidenkeller;Rackspace;1900-01-01;2100-01-01;8
Constantine Peresypkin;LiteStack;1900-01-01;2100-01-01;3
Cory Stone;Rackspace;1900-01-01;2100-01-01;13
Cory Wright;Rackspace;1900-01-01;2100-01-01;46
Craig Tracey;HubSpot;1900-01-01;2100-01-01;1
Craig Vyvial;Rackspace;1900-01-01;2100-01-01;37
Craig Winter;-Individual;1900-01-01;2100-01-01;1
Cyril Roelandt;eNovance;2013-07-18;2100-01-01;15
Dae S. Kim;-Individual;1900-01-01;2100-01-01;1
Dan Bode;Puppet Labs;2013-01-01;2100-01-01;10
Dan Florea;Cisco Systems;1900-01-01;2100-01-01;8
Dan Hersam;HP;1900-01-01;2100-01-01;2
Dan Nguyen;HP;1900-01-01;2100-01-01;1
Dan Prince;Rackspace;1900-01-01;2012-02-03;334
Dan Prince;Red Hat;2012-02-03;2100-01-01;510
Dan Radez;Red Hat;1900-01-01;2100-01-01;3
Dan Smith;IBM;1900-01-01;2100-01-01;345
Dan Stangel;HP;1900-01-01;2100-01-01;1
Dan Wendlandt;Nicira;1900-01-01;2012-07-23;151
Dan Wendlandt;VMware;2012-07-23;2100-01-01;87
Dane LeBlanc;Cisco Systems;2013-03-26;2100-01-01;11
Daneyon Hansen;Cisco Systems;1900-01-01;2100-01-01;1
Daniel Givens;Rackspace;1900-01-01;2100-01-01;2
Daniel P. Berrange;Red Hat;1900-01-01;2100-01-01;128
Daniel Salinas;Rackspace;1900-01-01;2100-01-01;2
Daniel Wallace;Rackspace;1900-01-01;2100-01-01;1
daniel-a-nguyen;HP;2012-12-11;2100-01-01;22
Daniele Valeriani;Rackspace;1900-01-01;2100-01-01;1
danwent@gmail.com;VMware;1900-01-01;2100-01-01;8
Darragh Bailey;HP;1900-01-01;2100-01-01;6
Darragh O'Reilly;-Individual;1900-01-01;2100-01-01;9
Darrell Bishop;SwiftStack;1900-01-01;2100-01-01;34
Darren Birkett;Rackspace;1900-01-01;2100-01-01;12
Davanum Srinivas;IBM;1900-01-01;2100-01-01;155
Dave Lapsley;Nicira;1900-01-01;2012-07-23;6
Dave Walker (Daviey);Canonical;1900-01-01;2100-01-01;20
Dave Wilde;Rackspace;1900-01-01;2100-01-01;2
David Besen;HP;1900-01-01;2100-01-01;2
David Boucha;SaltStack Inc.;1900-01-01;2100-01-01;2
David Caro;Red Hat;2013-08-01;2100-01-01;10
David Goetz;Rackspace;1900-01-01;2100-01-01;177
David Hadas;IBM;1900-01-01;2100-01-01;25
David Hill;Ubisoft;1900-01-01;2100-01-01;3
David Höppner;-Individual;1900-01-01;2100-01-01;3
David Kang;ISI;1900-01-01;2100-01-01;2
David Kranz;Red Hat;2012-01-20;2100-01-01;61
David Lenwell;HP;1900-01-01;2100-01-01;5
David Lyle;HP;1900-01-01;2100-01-01;30
david martin;Redbrick Health;1900-01-01;2100-01-01;2
David McNally;HP;1900-01-01;2100-01-01;9
David Mortman;enStratus;1900-01-01;2100-01-01;2
David Peraza;IBM;1900-01-01;2100-01-01;10
David Ripton;Red Hat;1900-01-01;2100-01-01;52
David Shrewsbury;HP;1900-01-01;2100-01-01;29
David Stanek;AG Interactive;1900-01-01;2100-01-01;7
David Subiros;HP;1900-01-01;2100-01-01;9
David Wittman;Rackspace;1900-01-01;2100-01-01;11
David Xie;Platform Computing;1900-01-01;2100-01-01;1
david-hendler;Rackspace;1900-01-01;2100-01-01;3
Dazhao;IBM;2013-09-06;2100-01-01;2
dcramer;Rackspace;1900-01-01;2100-01-01;25
Dean Troyer;Nebula;2012-07-20;2100-01-01;79
Dean Troyer;Rackspace;1900-01-01;2012-07-20;95
Debasish Chowdhury;GlobalLogic;1900-01-01;2100-01-01;1
Debo;Cisco Systems;1900-01-01;2100-01-01;1
Deepak Garg;Citrix;1900-01-01;2100-01-01;4
Deepak N;ThoughtWorks;1900-01-01;2100-01-01;65
Deepti Navale;Red Hat;2013-08-07;2100-01-01;10
deevi rani;Persistent;1900-01-01;2100-01-01;2
dekehn;HP;1900-01-01;2100-01-01;6
Denis Makogon;Mirantis;2013-08-30;2100-01-01;7
Deniz Demir;HP;2012-12-18;2100-01-01;2
Dennis Kliban;Red Hat;1900-01-01;2100-01-01;2
DennyZhang;UnitedStack;1900-01-01;2100-01-01;15
Derek Chiang;Nebula;2013-05-22;2100-01-01;1
Derek Higgins;Red Hat;1900-01-01;2100-01-01;105
Dermot Tynan;HP;1900-01-01;2100-01-01;3
Derrick J. Wippler;Rackspace;1900-01-01;2100-01-01;1
desbonne;HP;1900-01-01;2100-01-01;18
Devananda van der Veen;HP;2012-03-01;2100-01-01;253
Devdeep Singh;Citrix;1900-01-01;2100-01-01;1
Devendra Modium;ISI;1900-01-01;2100-01-01;7
Devin Carlen;Nebula;1900-01-01;2100-01-01;136
Diane Fleming;Rackspace;1900-01-01;2100-01-01;242
Diego Parrilla;Stakops;1900-01-01;2100-01-01;1
Dietmar Noll;IBM;1900-01-01;2100-01-01;1
Dina Belova;Mirantis;1900-01-01;2100-01-01;9
Dinesh Subhraveti;IBM;2013-07-09;2100-01-01;1
Dirk Mueller;SUSE;1900-01-01;2100-01-01;220
divakar-padiyar-nandavar;HP;1900-01-01;2100-01-01;4
DJ Johnstone;Rackspace;2013-01-24;2100-01-01;4
dk647;Sina;1900-01-01;2100-01-01;6
Dmitriy Ukhlov;Mirantis;2013-09-24;2100-01-01;1
Dmitry Khovyakov;Grid Dynamics;1900-01-01;2100-01-01;3
Dmitry Spikhalskiy;iDa Mobile;1900-01-01;2100-01-01;2
Dolph Mathews;Rackspace;1900-01-01;2100-01-01;663
Dominik Heidler;SUSE;1900-01-01;2100-01-01;4
Don Dugger;Intel;1900-01-01;2100-01-01;2
Donagh McCabe;HP;1900-01-01;2100-01-01;13
Donal Lafferty;Citrix;1900-01-01;2100-01-01;23
donald-ngo;HP;1900-01-01;2100-01-01;8
Dongdong Zhou;-Individual;1900-01-01;2100-01-01;5
Donovan Finch;-Individual;1900-01-01;2100-01-01;1
Doug Hellmann;DreamHost;1900-01-01;2100-01-01;257
Dragos Manolescu;HP;1900-01-01;2100-01-01;3
Dror Kagan;HP;1900-01-01;2100-01-01;9
Du Yujie;99cloud;1900-01-01;2100-01-01;1
Duncan McGreggor;DreamHost;1900-01-01;2100-01-01;11
Duncan Thomas;HP;1900-01-01;2100-01-01;3
dwalleck;Rackspace;1900-01-01;2100-01-01;39
e0ne;Mirantis;1900-01-01;2100-01-01;13
Eamonn O'Toole;HP;1900-01-01;2100-01-01;2
Ed Bak;HP;1900-01-01;2100-01-01;2
Ed Cranford;Rackspace;2012-03-21;2100-01-01;81
Ed Kern;Cisco Systems;1900-01-01;2100-01-01;6
eddie-sheffield;Rackspace;1900-01-01;2100-01-01;7
Edgar Magana;Cisco Systems;1900-01-01;2100-01-01;43
EdLeafe;Rackspace;1900-01-01;2100-01-01;101
Édouard Thuleau;Cloudwatt;1900-01-01;2100-01-01;19
Eduardo Patrocinio;IBM;1900-01-01;2100-01-01;7
Edward Hope-Morley;Canonical;2013-05-07;2100-01-01;26
Ekaterina Fedorova;Mirantis;2013-08-22;2100-01-01;1
Eldar Nugaev;Grid Dynamics;1900-01-01;2100-01-01;61
Elena Ezhova;Mirantis;2013-07-16;2100-01-01;16
Elizabeth Krumbach Joseph;HP;1900-01-01;2100-01-01;74
Emanuele Rocca;VU Univ. Amsterdam;1900-01-01;2100-01-01;2
Emilien Macchi;eNovance;1900-01-01;2100-01-01;66
EmilienM;eNovance;2012-09-18;2100-01-01;12
Endre Karlson;-Individual;1900-01-01;2100-01-01;13
Eoghan Glynn;Red Hat;1900-01-01;2100-01-01;258
Eohyung Lee;Korea Telecom;1900-01-01;2100-01-01;4
Eric Day;Rackspace;1900-01-01;2100-01-01;74
Eric Erfanian;-Individual;1900-01-01;2100-01-01;6
Eric Harney;Red Hat;1900-01-01;2100-01-01;77
Eric Pendergrass;HP;1900-01-01;2100-01-01;1
Eric Windisch;Cloudscaling;1900-01-01;2100-01-01;92
ericpeterson-l;HP;1900-01-01;2100-01-01;5
Erik Zaadi;IBM;1900-01-01;2100-01-01;4
Erwan Gallen;Cloudwatt;1900-01-01;2100-01-01;3
Etsuji Nakai;Red Hat;1900-01-01;2100-01-01;2
Eugene Nikanorov;Mirantis;1900-01-01;2100-01-01;53
Evan Callicoat;Rackspace;1900-01-01;2100-01-01;1
Everett Toews;Rackspace;1900-01-01;2100-01-01;4
Evgeny Fadeev;Askbot;1900-01-01;2100-01-01;19
Ewan Mellor;Citrix;1900-01-01;2100-01-01;132
Fabien Boucher;eNovance;1900-01-01;2100-01-01;12
Fabio Giannetti;HP;1900-01-01;2100-01-01;5
Fei Long Wang;IBM;1900-01-01;2100-01-01;37
Felipe Reyes;-Individual;1900-01-01;2100-01-01;3
Fengqian Gao;Intel;2013-06-20;2100-01-01;8
Ferran Rodenas;VMware;1900-01-01;2100-01-01;1
Flaper Fesp;Red Hat;1900-01-01;2100-01-01;154
Flavio Percoco;Red Hat;2013-01-14;2100-01-01;1
Floren Llanos;-Individual;1900-01-01;2100-01-01;1
Florian Haas;Hastexo;1900-01-01;2100-01-01;17
Florian Hines;Rackspace;1900-01-01;2100-01-01;36
François Charlier;eNovance;1900-01-01;2100-01-01;13
Francois Deppierraz;Nimag Networks;1900-01-01;2100-01-01;1
Francois Eleouet;Orange;1900-01-01;2100-01-01;8
François Rossigneux;INRIA;1900-01-01;2100-01-01;8
Frederic FAURE;Ysance;1900-01-01;2100-01-01;2
Frederic Lepied;eNovance;1900-01-01;2100-01-01;6
fujioka yuuichi;NEC;1900-01-01;2100-01-01;10
Gabe Westmaas;Rackspace;1900-01-01;2100-01-01;8
Gabriel Hurley;Nebula;1900-01-01;2100-01-01;409
Gabriel Wainer;-Individual;1900-01-01;2100-01-01;5
Gary Kotton;Red Hat;1900-01-01;2012-07-01;21
Gary Kotton;VMware;2012-07-01;2100-01-01;302
garyduan;vArmour Networks;1900-01-01;2100-01-01;1
garyk;Radware;1900-01-01;2100-01-01;1
Gaurav Gupta;Denali Systems;1900-01-01;2100-01-01;10
gaurav@gluster.com;Red Hat;2011-07-27;2100-01-01;2
Gauvain Pocentek;Objectif-libre;1900-01-01;2100-01-01;24
Gavin Brebner;HP;1900-01-01;2100-01-01;5
gengjh;IBM;1900-01-01;2100-01-01;16
Gerardo Porras;Yahoo!;1900-01-01;2100-01-01;2
Ghe Rivero;HP;1900-01-01;2100-01-01;68
gholt;Rackspace;1900-01-01;2100-01-01;392
Giampaolo Lauria;IBM;1900-01-01;2100-01-01;49
Giulio Fidente;Red Hat;1900-01-01;2100-01-01;31
gongysh;IBM;1900-01-01;2100-01-01;127
Gordon Chung;IBM;1900-01-01;2100-01-01;46
Graham Binns;Canonical;1900-01-01;2100-01-01;1
Greg Althaus;NetApp;1900-01-01;2100-01-01;3
Greg Ball;Rackspace;1900-01-01;2100-01-01;1
Greg Blomquist;Red Hat;1900-01-01;2100-01-01;2
Greg Lange;Rackspace;1900-01-01;2100-01-01;48
gtt116;-Individual;1900-01-01;2100-01-01;12
Guan Qiang;NetEase;2012-12-11;2100-01-01;2
Guang Chun Wu;IBM;1900-01-01;2100-01-01;1
guang-yee;HP;1900-01-01;2100-01-01;28
Guangya Liu;IBM;2013-07-05;2100-01-01;1
Guangyu Suo;Cloudbase Solutions;1900-01-01;2100-01-01;8
guohliu;IBM;2013-04-19;2100-01-01;14
guoqingzhang;-Individual;1900-01-01;2100-01-01;1
Haiwei Xu;NEC;1900-01-01;2100-01-01;9
Haneef Ali;HP;1900-01-01;2100-01-01;2
Hans Lindgren;KTH Institute of Tech.;1900-01-01;2100-01-01;60
Haomai Wang;Cloudbase Solutions;1900-01-01;2100-01-01;16
Haomeng, Wang;IBM;2013-09-03;2100-01-01;6
Harri Hämäläinen;CSC;1900-01-01;2100-01-01;2
Hart Hoover;Rackspace;1900-01-01;2100-01-01;1
He Jie Xu;IBM;1900-01-01;2100-01-01;122
He Yongli;Intel;2013-08-21;2100-01-01;13
Hemanth Makkapati;Rackspace;1900-01-01;2100-01-01;2
Hendrik Volkmer;Cloudbau;1900-01-01;2100-01-01;2
Hengqing Hu;-Individual;1900-01-01;2100-01-01;39
Henry Nash;IBM;1900-01-01;2100-01-01;44
HenryVIII;Cisco Systems;1900-01-01;2100-01-01;13
hi2suresh;HP;1900-01-01;2100-01-01;7
Hidekazu Nakamura;NEC;1900-01-01;2100-01-01;1
hill;IBM;1900-01-01;2100-01-01;1
Hirofumi Ichihara;NTT;1900-01-01;2100-01-01;6
Hisaharu Ishii;NTT;1900-01-01;2100-01-01;27
Hisaki Ohara;Intel;1900-01-01;2100-01-01;2
Hoisaleshwara Madan V S;IBM;1900-01-01;2100-01-01;1
Hugh Saunders;Rackspace;1900-01-01;2100-01-01;6
Hui HX Xiang;IBM;2013-08-07;2100-01-01;11
hwbi;Windawn;1900-01-01;2100-01-01;1
hyphon-zh;-Individual;1900-01-01;2100-01-01;2
Hyunsun Moon;-Individual;1900-01-01;2100-01-01;1
Ian Main;Red Hat;1900-01-01;2100-01-01;51
Ian Wells;Cisco Systems;1900-01-01;2100-01-01;1
Ian Wienand;Red Hat;2013-07-24;2100-01-01;2
Ignacio Barrio;Stackops;1900-01-01;2100-01-01;1
Illia Khudoshyn;Mirantis;2013-09-12;2100-01-01;4
Ilya Alekseyev;Grid Dynamics;1900-01-01;2100-01-01;56
Ilya Kharin;Mirantis;1900-01-01;2100-01-01;6
Ilya Persky;Yahoo!;1900-01-01;2100-01-01;1
Ilya Shakhat;Mirantis;1900-01-01;2100-01-01;8
Imre Farkas;Red Hat;1900-01-01;2100-01-01;4
Inbar;IBM;1900-01-01;2100-01-01;1
Ionuț Arțăriși;SUSE;1900-01-01;2100-01-01;55
Irena Berezovsky;Mellanox Tech.;1900-01-01;2100-01-01;2
Iryoung Jeong;-Individual;1900-01-01;2100-01-01;10
Isaku Yamahata;VA Linux;1900-01-01;2100-01-01;120
isethi;Rackspace;1900-01-01;2100-01-01;39
Itzik Brown;Mellanox Tech.;1900-01-01;2100-01-01;1
ivan-zhu;IBM;1900-01-01;2100-01-01;58
Ivar Lazzaro;Embrane Inc.;1900-01-01;2100-01-01;3
J. Daniel Schmidt;SUSE;1900-01-01;2100-01-01;11
J. Matt Peterson;iPlant Collaborative;1900-01-01;2100-01-01;1
Jack Peter Fletcher;Cisco Systems;1900-01-01;2100-01-01;1
Jaime Gil de Sagredo Luna;Stackops;1900-01-01;2100-01-01;1
Jake Liu;UnitedStack;1900-01-01;2100-01-01;6
jakedahn;Ansolabs ;1900-01-01;2011-04-01;16
jakedahn;Nebula;2012-07-20;2100-01-01;6
jakedahn;Rackspace;2011-04-01;2012-07-20;117
Jakub Krajcovic;Rackspace;1900-01-01;2100-01-01;1
Jakub Libosvar;Red Hat;1900-01-01;2100-01-01;2
Jakub Ruzicka;Red Hat;1900-01-01;2100-01-01;21
James E. Blair;HP;2011-12-01;2012-12-08;604
James E. Blair;OpenStack Foundation;2012-12-08;2100-01-01;522
James E. Blair;Rackspace;1900-01-01;2011-12-01;161
James Li;HP;1900-01-01;2100-01-01;6
James Meredith;Rackspace;1900-01-01;2100-01-01;1
James Morgan;Rackspace;1900-01-01;2100-01-01;1
James Page;Canonical;1900-01-01;2100-01-01;1
James Slagle;Red Hat;2013-03-30;2100-01-01;24
Jamie Lennox;Red Hat;1900-01-01;2100-01-01;48
Jan Grant;HP;1900-01-01;2100-01-01;1
Jan Provaznik;Red Hat;1900-01-01;2100-01-01;9
Janis Gengeris;-Individual;1900-01-01;2100-01-01;2
Jared Culp;Rackspace;2013-07-09;2100-01-01;3
Jaroslav Henner;Red Hat;1900-01-01;2100-01-01;12
Jasakov Artem;Mirantis;1900-01-01;2100-01-01;3
Jason Cannavale;Rackspace;1900-01-01;2100-01-01;24
Jason Dillaman;Red Hat;1900-01-01;2100-01-01;4
Jason Kölker;Rackspace;1900-01-01;2100-01-01;346
Jason Smith;Rackspace;1900-01-01;2100-01-01;1
Jason Straw;Rackspace;1900-01-01;2100-01-01;3
Jaume Devesa;Stackops;1900-01-01;2100-01-01;1
Javier Martinez Canillas;Collabora;1900-01-01;2100-01-01;1
Jay Clark;Red Hat;1900-01-01;2100-01-01;4
Jay Lau;IBM;2013-05-11;2100-01-01;27
Jay Payne;Rackspace;1900-01-01;2100-01-01;21
Jay S. Bryant;IBM;2013-04-24;2100-01-01;9
jaypei;Qunar;1900-01-01;2100-01-01;2
jaypipes;AT&T;2012-06-04;2100-01-01;32
jaypipes;HP;2011-12-01;2012-06-04;40
jaypipes;Rackspace;1900-01-01;2011-12-01;55
jaypipes@gmail.com;AT&T;1900-01-01;2100-01-01;282
JC Martin;eBay;1900-01-01;2100-01-01;1
JCallicoat;Rackspace;1900-01-01;2100-01-01;2
Jean-Baptiste RANSY;Alyseo;1900-01-01;2100-01-01;12
Jean-Marc Saffroy;Scality;1900-01-01;2100-01-01;3
Jeff Milstead;Mirantis;1900-01-01;2100-01-01;2
Jeff Peeler;Red Hat;1900-01-01;2100-01-01;87
Jeffrey Wilcox;Midokura;1900-01-01;2100-01-01;39
Jenkins;-Bot;1900-01-01;2100-01-01;3
jenny-shieh;HP;1900-01-01;2100-01-01;4
Jens-Christian Fischer;Big Switch Networks;1900-01-01;2100-01-01;1
Jeremy Hanmer;DreamHost;1900-01-01;2100-01-01;2
Jeremy Stanley;HP;1900-01-01;2013-04-08;120
Jeremy Stanley;OpenStack Foundation;2013-04-08;2100-01-01;136
Jérôme Gallard;-Individual;1900-01-01;2100-01-01;3
Jesse Andrews;Nebula;2012-07-20;2100-01-01;2
Jesse Andrews;Rackspace;1900-01-01;2012-07-20;218
Jesse Keating;Rackspace;2013-05-06;2100-01-01;1
Jessica Lucci;Rackspace;1900-01-01;2100-01-01;1
Jiajun Liu;Sina;1900-01-01;2013-09-20;19
Jian Wen;Canonical;2012-12-01;2100-01-01;12
Jian Wen;Sina;1900-01-01;2012-12-01;16
Jian Zhang;Intel;1900-01-01;2100-01-01;2
Jiang Yong;North China Univ.;1900-01-01;2100-01-01;2
jiangwt100;Sina;1900-01-01;2013-09-12;14
Jianing YANG;Cloudbase Solutions;1900-01-01;2100-01-01;11
jiataotj;IBM;2013-06-14;2100-01-01;3
Jim Branen;HP;1900-01-01;2100-01-01;11
Jim Fehlig;SUSE;1900-01-01;2100-01-01;13
Jinhe Fang;NetEase;1900-01-01;2100-01-01;1
Jinwoo 'Joseph' Suh;ISI;1900-01-01;2100-01-01;9
Jiri Tomasek;Red Hat;1900-01-01;2100-01-01;6
jking-6;Internap;1900-01-01;2100-01-01;1
jmeridth;Rackspace;1900-01-01;2100-01-01;1
Joe Arnold;Cloudscaling;1900-01-01;2011-10-01;2
Joe Arnold;SwiftStack;2011-10-01;2100-01-01;3
Joe Cropper;IBM;2013-09-18;2100-01-01;2
Joe Cruz;Rackspace;2012-09-17;2100-01-01;3
Joe Duhamel;XMotra;1900-01-01;2100-01-01;1
Joe Gordon;Cloudscaling;1900-01-01;2013-05-28;335
Joe Gordon;HP;2013-05-28;2100-01-01;121
Joe H. Rahme;eNovance;2013-08-07;2100-01-01;3
Joe Heck;Nebula;1900-01-01;2100-01-01;138
Joe Mills;Midokura;2013-09-27;2100-01-01;1
Joe Savak;Rackspace;1900-01-01;2100-01-01;14
Joe Topjian;Cybera Inc;1900-01-01;2100-01-01;9
Joel Coffman;JHU APL;1900-01-01;2100-01-01;8
Johannes Erdfelt;Rackspace;1900-01-01;2100-01-01;398
John Bresnahan;Red Hat;1900-01-01;2100-01-01;38
John Davidge;Cisco Systems;1900-01-01;2100-01-01;2
John Dennis;Red Hat;2013-08-26;2100-01-01;3
John Dewey;AT&T;1900-01-01;2100-01-01;12
John Dickinson;Rackspace;1900-01-01;2012-06-19;237
John Dickinson;SwiftStack;2012-06-19;2100-01-01;64
John Eo;Rackspace;1900-01-01;2100-01-01;9
John Garbutt;Citrix;1900-01-01;2012-10-01;24
John Garbutt;Citrix Systems;2012-10-01;2100-01-01;54
John H. Tran;AT&T;2012-06-28;2100-01-01;5
John Herndon;HP;1900-01-01;2100-01-01;8
John Jason Brzozowski;Comcast;1900-01-01;2100-01-01;1
John Kennedy;Intel;1900-01-01;2100-01-01;2
John Lenihan;HP;1900-01-01;2100-01-01;4
John Postlethwait;Nebula;1900-01-01;2100-01-01;39
John Tran;AT&T;1900-01-01;2100-01-01;104
John Uetz;Flickerbox;1900-01-01;2100-01-01;1
John Warren;IBM;2013-07-10;2100-01-01;1
john-griffith;SolidFire;1900-01-01;2100-01-01;251
jokcylou;Sina;1900-01-01;2100-01-01;1
jola-mirecka;HP;1900-01-01;2100-01-01;5
Jon Proulx;CSAIL;1900-01-01;2100-01-01;15
Jon-Paul Sullivan;HP;1900-01-01;2100-01-01;2
Jonathan Bryce;OpenStack Foundation;1900-01-01;2100-01-01;5
Jonathan Gonzalez V;BluePlanet;1900-01-01;2100-01-01;1
Jonathan LaCour;DreamHost;1900-01-01;2100-01-01;1
Jordan Rinke;Rackspace;1900-01-01;2013-09-01;9
JordanP;OCTO Tech.;1900-01-01;2100-01-01;6
Jorge L. Williams;Rackspace;1900-01-01;2100-01-01;101
Jose Castro Leon;CERN;1900-01-01;2100-01-01;16
Joseph W. Breu;Rackspace;1900-01-01;2100-01-01;11
Josh Dorothy;HP;2012-11-15;2100-01-01;2
Josh Durgin;DreamHost;1900-01-01;2012-07-01;12
Josh Durgin;Inktank;2012-07-01;2100-01-01;24
Josh Kearney;Piston Cloud;1900-01-01;2013-05-01;315
Josh Kearney;Rackspace;2013-05-01;2100-01-01;2
Joshua Harlow;Yahoo!;1900-01-01;2100-01-01;43
Joshua Hesketh;Rackspace;1900-01-01;2100-01-01;20
Joshua McKenty;Piston Cloud;1900-01-01;2100-01-01;67
Juan J. Martinez;Memset;1900-01-01;2100-01-01;3
Juerg Haefliger;HP;1900-01-01;2100-01-01;2
Juergen Brendel;Cisco Systems;1900-01-01;2100-01-01;1
Julia Varlamova;Mirantis;2013-07-11;2100-01-01;5
Juliano Martinez;Locaweb;1900-01-01;2100-01-01;9
Julie Pichon;Red Hat;1900-01-01;2100-01-01;67
Julien Danjou;eNovance;1900-01-01;2100-01-01;462
JUN JIE NAN;IBM;2013-07-16;2100-01-01;16
Jun Park;BlueHost;1900-01-01;2100-01-01;1
Justin Hammond;Rackspace;1900-01-01;2100-01-01;6
justin Lund;DreamHost;1900-01-01;2100-01-01;2
Justin SB;FathomDB;1900-01-01;2100-01-01;230
Justin Shepherd;Rackspace;1900-01-01;2100-01-01;107
justin-hopper;HP;2013-01-04;2100-01-01;16
K Jonathan Harker;HP;1900-01-01;2100-01-01;11
Kai Zhang;Zelin;1900-01-01;2100-01-01;1
Kaitlin Farr;JHU APL;1900-01-01;2100-01-01;1
Kaiwei Fan;VMware;1900-01-01;2100-01-01;7
Kannan Manickam;RightScale Inc.;1900-01-01;2100-01-01;3
Kanzhe Jiang;Bit Switch Networks;1900-01-01;2100-01-01;3
Kapil Saxena;GlobalLogic;1900-01-01;2100-01-01;1
Karin Levenstein;Rackspace;1900-01-01;2100-01-01;5
Kartik Bommepally;VMware;1900-01-01;2100-01-01;9
Kashi Reddy;Rackspace;1900-01-01;2100-01-01;2
Kashyap Chamarthy;Red Hat;1900-01-01;2100-01-01;2
Katherine Elliott;HP;1900-01-01;2100-01-01;2
Kaushik Chandrashekar;Rackspace;2013-03-08;2100-01-01;4
kavan-patil;HP;1900-01-01;2100-01-01;2
KC Wang;Big Switch Networks;1900-01-01;2100-01-01;6
Ke Wu;Nebula;1900-01-01;2100-01-01;10
Keith Burns;Nexus IS;1900-01-01;2100-01-01;4
Kelsey Tripp;Nebula;1900-01-01;2100-01-01;16
Ken Pepple;Internap;1900-01-01;2100-01-01;136
Ken Thomas;Yahoo!;1900-01-01;2100-01-01;8
Ken'ichi Ohmichi;NEC;1900-01-01;2100-01-01;45
Kenneth Giusti;Red Hat;1900-01-01;2100-01-01;1
Kenneth Wilke;Rackspace;2013-06-17;2100-01-01;1
Kersten Richter;IBM;1900-01-01;2100-01-01;3
Kevin Benton;Bit Switch Networks;1900-01-01;2100-01-01;26
Kevin Bringard;AT&T;1900-01-01;2100-01-01;14
Kevin Conway;Rackspace;1900-01-01;2100-01-01;3
Kevin Jackson;Rackspace;1900-01-01;2100-01-01;1
Kevin L. Mitchell;Rackspace;1900-01-01;2100-01-01;204
Kevin McDonald;IBM;1900-01-01;2100-01-01;3
Khai Do;HP;1900-01-01;2100-01-01;60
Khaled Hussein;Rackspace;1900-01-01;2100-01-01;17
Kiall Mac Innes;HP;2013-01-07;2100-01-01;14
Kiall Mac Innes;Managed IT;1900-01-01;2013-01-07;23
Kieran Spear;University of Melbourne;2012-11-06;2100-01-01;51
kirankv;HP;1900-01-01;2100-01-01;5
Kirill Shileev;Grid Dynamics;1900-01-01;2100-01-01;5
KIYOHIRO ADACHI;NEC;1900-01-01;2100-01-01;11
KnightHacker;Rackspace;1900-01-01;2100-01-01;5
Koert van der Veer;CloudVPS;1900-01-01;2100-01-01;2
Koji Iida;NTT;1900-01-01;2100-01-01;5
Kost;ISI;1900-01-01;2100-01-01;1
Kota Tsuyuzaki;NTT;1900-01-01;2100-01-01;3
Kravchenko Pavel;IBM;1900-01-01;2100-01-01;16
Krishna Raman;Red Hat;1900-01-01;2100-01-01;1
Kui Shi;Polycom;1900-01-01;2100-01-01;45
Kun Huang;UnitedStack;1900-01-01;2100-01-01;59
Kurt Griffiths;Rackspace;2013-02-26;2100-01-01;78
Kurt Martin;HP;1900-01-01;2100-01-01;38
Kurt Taylor;IBM;1900-01-01;2100-01-01;14
Kwadronaut;-Individual;1900-01-01;2100-01-01;2
Kyle Mestery;Cisco Systems;1900-01-01;2100-01-01;13
Kylin CG;-Individual;1900-01-01;2100-01-01;3
Ladislav Smola;Red Hat;1900-01-01;2100-01-01;12
ladquin;-Individual;1900-01-01;2100-01-01;45
Lakhinder Walia;Hitachi Data Systems;1900-01-01;2100-01-01;5
Lance Bragstad;IBM;1900-01-01;2100-01-01;22
lapgoon;Sina;1900-01-01;2100-01-01;1
Larisa Ustalov;Red Hat;1900-01-01;2100-01-01;1
Larry Matter;Coraid;1900-01-01;2100-01-01;1
Lars Gellrich;HP;1900-01-01;2100-01-01;4
lawrancejing;Stackinsider;1900-01-01;2100-01-01;14
Leah Klearman;-Individual;1900-01-01;2100-01-01;5
leekelby;Sina;1900-01-01;2100-01-01;1
Leif Madsen;Thinking Phone Networks;1900-01-01;2100-01-01;2
Leo Toyoda;NEC;1900-01-01;2100-01-01;12
Leon Cui;VMware;1900-01-01;2100-01-01;1
Les Orchard;Mozilla Corp.;1900-01-01;2100-01-01;1
leseb;eNovance;2013-05-06;2100-01-01;2
Li Chen;Intel;1900-01-01;2100-01-01;1
Li Ma;Stackinsider;1900-01-01;2100-01-01;2
Liam Kelleher;HP;1900-01-01;2100-01-01;3
Liang Bo;99cloud;1900-01-01;2100-01-01;1
Liang Chen;IBM;2013-04-04;2100-01-01;54
Lianhao Lu;Intel;1900-01-01;2100-01-01;42
Liem Nguyen;HP;1900-01-01;2100-01-01;5
Likitha Shetty;Citrix;1900-01-01;2100-01-01;1
Lin Hua Cheng;HP;1900-01-01;2100-01-01;53
linggao;IBM;2013-09-13;2100-01-01;11
LingxianKong;Huawei;1900-01-01;2100-01-01;9
LinuxJedi;HP;1900-01-01;2100-01-01;150
Liu Yuan;-Individual;1900-01-01;2100-01-01;1
Liu, Zhi Kun;IBM;2013-06-27;2100-01-01;10
liuan;-Individual;1900-01-01;2100-01-01;1
liyingjun;-Individual;1900-01-01;2100-01-01;14
Logan McNaughton;Bacoosta IT;1900-01-01;2100-01-01;5
Loganathan Parthipan;HP;1900-01-01;2100-01-01;6
Loic Dachary;Upstream Univ.;1900-01-01;2100-01-01;1
Lorin Hochstein;ISI;1900-01-01;2012-01-01;102
Lorin Hochstein;Nimbis Services;2012-01-01;2100-01-01;286
lrqrun;Sina;1900-01-01;2100-01-01;14
Lucas Alvares Gomes;-Individual;1900-01-01;2100-01-01;76
Luis A. Garcia;IBM;2013-07-18;2100-01-01;35
Luis Fernandez Alvarez;CERN;1900-01-01;2100-01-01;3
Lukas Bednar;Red Hat;1900-01-01;2100-01-01;1
Luke Gorrie;Snabb;1900-01-01;2100-01-01;2
Lvov Maxim;Mirantis;1900-01-01;2100-01-01;31
lzyeval;Intel;2012-06-19;2100-01-01;274
lzyeval;Sina;1900-01-01;2012-06-19;82
Mahesh K P;Rackspace;1900-01-01;2100-01-01;8
Major Hayden;Rackspace;1900-01-01;2100-01-01;10
Malini Bhandaru;Intel;1900-01-01;2100-01-01;7
Malini Kamalambal;Rackspace;2013-06-03;2100-01-01;19
Mandar Vaze;NTT;1900-01-01;2100-01-01;10
Mandell Degerness;Piston Cloud;1900-01-01;2100-01-01;10
Marc Koderer;Deutsche Telekom;1900-01-01;2100-01-01;14
Marcelo Martins;Rackspace;1900-01-01;2100-01-01;6
Maris Fogels;-Individual;1900-01-01;2100-01-01;2
Mark Collier;OpenStack Foundation;1900-01-01;2100-01-01;2
Mark Gius;Nebula;1900-01-01;2100-01-01;107
Mark Holmquist;Wikimedia Foundation;1900-01-01;2100-01-01;3
Mark J. Washenberger;Rackspace;1900-01-01;2100-01-01;51
Mark McClain;DreamHost;1900-01-01;2100-01-01;92
Mark McLoughlin;Red Hat;1900-01-01;2100-01-01;987
Mark Seger;HP;1900-01-01;2100-01-01;3
Mark Washenberger;Rackspace;2011-02-28;2100-01-01;177
Martin Loschwitz;Hastexo;1900-01-01;2100-01-01;1
Martin Packman;Canonical;1900-01-01;2100-01-01;3
Martina Kollarova;Red Hat;1900-01-01;2100-01-01;9
Marton Kiss;Xemeti Kft.;1900-01-01;2100-01-01;5
Martyn Taylor;Red Hat;2013-05-29;2100-01-01;2
Maru Newby;Internap;1900-01-01;2013-01-01;43
Maru Newby;Red Hat;2013-01-01;2100-01-01;25
Masanori Itoh;NTT;1900-01-01;2100-01-01;28
Masayuki Igawa;NEC;1900-01-01;2100-01-01;16
masumotok;NTT;1900-01-01;2100-01-01;82
mat;Orange;1900-01-01;2100-01-01;12
Mate Lakat;Citrix;1900-01-01;2100-01-01;76
Mathew Odden;IBM;1900-01-01;2100-01-01;27
Mathieu Gagné;iWeb Tech.;1900-01-01;2100-01-01;49
Mathieu Mitchell;iWeb Tech.;1900-01-01;2100-01-01;2
mathrock;National Security Agency;1900-01-01;2100-01-01;5
Matt;-Individual;1900-01-01;2100-01-01;1
Matt Domsch;Dell;1900-01-01;2100-01-01;1
Matt Joyce;Cloudscaling;1900-01-01;2100-01-01;21
Matt Ray;Opscode;1900-01-01;2100-01-01;1
Matt Riedemann;IBM;2013-05-02;2100-01-01;69
Matt Thompson;Rackspace;1900-01-01;2100-01-01;4
Matt Wagner;Red Hat;1900-01-01;2100-01-01;1
Matthew;IBM;1900-01-01;2100-01-01;246
Matthew Hooker;Cloudscaling;1900-01-01;2100-01-01;41
Matthew Macdonald-Wallace;HP;1900-01-01;2100-01-01;6
Matthew Sherborne;Rackspace;1900-01-01;2100-01-01;23
Matthew Wagoner;HP;1900-01-01;2100-01-01;19
Matthias Runge;Red Hat;1900-01-01;2100-01-01;30
Matthieu Huin;eNovance;2013-05-03;2100-01-01;1
MattieuPuel;CNRS;1900-01-01;2100-01-01;1
Mauro S. M. Rodrigues;IBM;1900-01-01;2100-01-01;72
meera-belur;HP;1900-01-01;2100-01-01;1
Mehdi Abaakouk;eNovance;1900-01-01;2100-01-01;81
melwitt;Yahoo!;1900-01-01;2100-01-01;18
Michael Barton;Rackspace;1900-01-01;2100-01-01;126
Michael Basnight;Rackspace;1900-01-01;2100-01-01;127
Michael Chapman;Cisco Systems;2013-06-25;2100-01-01;2
Michael Gundlach;Rackspace;1900-01-01;2100-01-01;157
Michael H Wilson;BlueHost;1900-01-01;2100-01-01;5
Michael J Fork;IBM;1900-01-01;2100-01-01;32
Michael Kerrin;HP;1900-01-01;2100-01-01;30
Michael Shuler;Rackspace;1900-01-01;2100-01-01;1
Michael Still;Canonical;1900-01-01;2012-12-13;147
Michael Still;Rackspace;2012-12-13;2100-01-01;104
Michael Szilagyi;Nebula;1900-01-01;2100-01-01;6
Michal Smereczynski;-Individual;1900-01-01;2100-01-01;1
Miguel Lavalle;-Individual;1900-01-01;2100-01-01;5
Mike Asthalter;Rackspace;2013-09-12;2100-01-01;1
Mike Lundy;Piston Cloud;1900-01-01;2100-01-01;11
Mike Milner;Canonical;1900-01-01;2100-01-01;2
Mike Perez;DreamHost;1900-01-01;2100-01-01;54
Mike Pittaro;La Honda Research;2012-02-01;2012-06-01;7
Mike Scherbakov;Mirantis;1900-01-01;2100-01-01;9
Mike Widman;Endurance Wind Power;1900-01-01;2100-01-01;1
Mikhail Khodos;Nexenta;2013-08-05;2100-01-01;1
Miklos Vajna;SUSE;2013-01-24;2100-01-01;1
Mikyung Kang;ISI;1900-01-01;2100-01-01;20
mingyan bao;HP;1900-01-01;2100-01-01;1
Mitsuhiko Yamazaki;NEC;1900-01-01;2100-01-01;14
mkislinska;Grid Dynamics;2013-05-17;2100-01-01;1
Mohammed Naser;VexxHost;1900-01-01;2100-01-01;9
monsterxx03;Sina;1900-01-01;2013-06-06;4
Monsyne Dragon;Rackspace;1900-01-01;2100-01-01;44
Monty Taylor;HP;2011-12-01;2100-01-01;1039
Monty Taylor;Rackspace;1900-01-01;2011-12-01;297
Morgan Fainberg;Metacloud;1900-01-01;2100-01-01;36
MORITA Kazutaka;NTT;1900-01-01;2100-01-01;32
MotoKen;-Individual;1900-01-01;2100-01-01;37
Motonobu Ichimura;NTT;1900-01-01;2100-01-01;1
mouad benchchaoui;Cloudbau;1900-01-01;2100-01-01;4
msdubov;Mirantis;2013-08-26;2100-01-01;1
Muharem Hrnjadovic;-Individual;1900-01-01;2100-01-01;1
Mukul;-Individual;1900-01-01;2100-01-01;2
Muneyuki Noguchi;NTT;1900-01-01;2100-01-01;10
Nachi Ueno;NTT;1900-01-01;2100-01-01;105
Nachiappan VR N;HP;1900-01-01;2100-01-01;8
nancykyo;-Individual;1900-01-01;2100-01-01;2
Nathan Beittenmiller;SoftLayer;1900-01-01;2100-01-01;1
Nathanael Burton;National Security Agency;1900-01-01;2100-01-01;3
Naveed Massjouni;Rackspace;1900-01-01;2100-01-01;139
Navneet Kumar;Rackspace;1900-01-01;2100-01-01;1
Navneet Singh;NetApp;1900-01-01;2100-01-01;26
Nayna Patel;HP;1900-01-01;2100-01-01;16
Nejc Saje;XLAB;1900-01-01;2100-01-01;1
nerminamiller;Mirantis;1900-01-01;2100-01-01;16
Newptone;Sina;1900-01-01;2013-09-21;2
Nicholas Chase;Mirantis;1900-01-01;2100-01-01;4
Nicholas Kuechler;Rackspace;1900-01-01;2100-01-01;3
Nick Bartos;Piston Cloud;1900-01-01;2100-01-01;2
Nicolas Barcet (nijaba);Canonical;1900-01-01;2100-01-01;24
Nicolas Barcet (nijaba);eNovance;2013-04-26;2100-01-01;5
Nicolas Simonds;Metacloud;1900-01-01;2100-01-01;28
Nikhil Komawar;Rackspace;1900-01-01;2100-01-01;14
Nikhil Manchanda;HP;1900-01-01;2100-01-01;27
Nikola Dipanov;Red Hat;1900-01-01;2100-01-01;61
Nikolaj Starodubtsev;Mirantis;1900-01-01;2100-01-01;2
Nikolay Sobolevskiy;Mirantis;1900-01-01;2100-01-01;9
Nikolay Sokolov;Grid Dynamics;1900-01-01;2100-01-01;23
ning;-Individual;1900-01-01;2100-01-01;3
Nirmal Ranganathan;Rackspace;1900-01-01;2100-01-01;40
nithya-ganesan;HP;1900-01-01;2100-01-01;2
niu-zglinux;Centrin;1900-01-01;2100-01-01;34
Noboru Arai;NEC;1900-01-01;2100-01-01;3
Noorul Islam K M;-Individual;1900-01-01;2100-01-01;5
Oleg Bondarev;Mirantis;1900-01-01;2100-01-01;42
Oleg Gelbukh;Mirantis;2013-08-08;2100-01-01;1
Ollie Leahy;HP;1900-01-01;2100-01-01;17
OpenStack Jenkins;-Bot;1900-01-01;2100-01-01;500
Ori Livneh;Wikimedia Foundation;2013-05-03;2100-01-01;4
Oz Akan;Rackspace;1900-01-01;2100-01-01;1
Pádraig Brady;Red Hat;1900-01-01;2100-01-01;119
Paolo Gatti;-Individual;1900-01-01;2100-01-01;2
Patrick Schaefer;IBM;1900-01-01;2100-01-01;1
Paul Belanger;PolyBeacon Inc.;1900-01-01;2100-01-01;56
Paul Bourke;HP;1900-01-01;2100-01-01;23
Paul Guth;Cloudscaling;1900-01-01;2100-01-01;1
Paul Marshall;Rackspace;2012-06-12;2100-01-01;20
Paul Mathews;BlueHost;1900-01-01;2100-01-01;1
Paul McMillan;Nebula;1900-01-01;2100-01-01;32
Paul Michali;Cisco Systems;1900-01-01;2100-01-01;11
Paul Voccio;Rackspace;1900-01-01;2100-01-01;9
paul@openstack.org;Rackspace;1900-01-01;2100-01-01;4
Pavel Kirpichyov;-Individual;1900-01-01;2100-01-01;2
Pavel Sedlák;Red Hat;1900-01-01;2100-01-01;21
Pavel Shkitin;Grid Dynamics;1900-01-01;2100-01-01;2
Pedro Navarro Perez;StackOps Tech.;1900-01-01;2100-01-01;7
Peng Yong;Sina;1900-01-01;2100-01-01;29
Pete Zaitcev;Red Hat;1900-01-01;2100-01-01;32
Peter Feiner;Gridcentric;1900-01-01;2100-01-01;9
Peter Liljenberg;Pagero AB;1900-01-01;2100-01-01;2
Peter Portante;Red Hat;1900-01-01;2100-01-01;64
Peter Pouliot;Microsoft;1900-01-01;2100-01-01;1
Petr Blaho;Red Hat;2013-08-16;2100-01-01;1
Petrut Lucian;Cloudbase Solutions;1900-01-01;2100-01-01;4
Phil Day;HP;1900-01-01;2100-01-01;34
Phil Hopkins;Rackspace;1900-01-01;2100-01-01;12
Phil Neal;HP;1900-01-01;2100-01-01;2
Philip Knouff;Rackspace;1900-01-01;2100-01-01;14
Phong Ly;IBM;2013-04-06;2100-01-01;4
pierre;eNovance;2013-09-06;2100-01-01;3
Pierre Freund;-Individual;1900-01-01;2100-01-01;1
Piotr Siwczak;Mirantis;1900-01-01;2100-01-01;5
pmoosh;-Individual;1900-01-01;2100-01-01;4
Pranav Salunke;Aptira;1900-01-01;2100-01-01;7
Prem Karat;IBM;2013-04-22;2100-01-01;5
pyw;Sina;1900-01-01;2100-01-01;2
QingXin Meng;IBM;2013-07-11;2100-01-01;6
Qiu Yu;Baidu;1900-01-01;2100-01-01;19
Rafael Durán Castañeda;Bvox;1900-01-01;2100-01-01;5
Rafi Khardalian;Metacloud;1900-01-01;2100-01-01;43
raiesmh08;NEC;1900-01-01;2100-01-01;12
Rainer Toebbicke;CERN;1900-01-01;2100-01-01;1
Rainya Mosher;Rackspace;1900-01-01;2100-01-01;1
rajalakshmi-ganesan;Persistent;1900-01-01;2100-01-01;29
Rajaram Mallya;ThoughtWorks;1900-01-01;2100-01-01;195
Rajesh Mohan;Dell;1900-01-01;2100-01-01;2
Ralf Haferkamp;SUSE;1900-01-01;2100-01-01;9
Rami Vaknin;Red Hat;1900-01-01;2100-01-01;6
Randall Burt;Rackspace;2013-06-19;2100-01-01;17
Ravikumar Venkatesan;HP;1900-01-01;2100-01-01;11
Ray Chen;Sina;1900-01-01;2100-01-01;13
Ray Sun;MicroChild;1900-01-01;2100-01-01;1
Raymond Pekowski;Dell;1900-01-01;2100-01-01;4
Razique Mahroua;IBM;2013-04-01;2100-01-01;2
Razique Mahroua;Nuage & Co;1900-01-01;2013-04-01;74
rbtcollins;HP;1900-01-01;2100-01-01;501
Renier Morales;IBM;1900-01-01;2100-01-01;1
Renuka Apte;Citrix;1900-01-01;2100-01-01;28
Ricardo Carrillo Cruz;HP;2009-02-01;2100-01-01;16
Rich Bowen;Red Hat;1900-01-01;2100-01-01;5
Rich Curran;Cisco Systems;1900-01-01;2100-01-01;4
Richard Su;Red Hat;2013-04-25;2100-01-01;5
Rick Clark;Cisco Systems;2011-03-01;2100-01-01;1
Rick Harris;Rackspace;1900-01-01;2100-01-01;591
Riddhi Shah;Rackspace;1900-01-01;2100-01-01;7
Rob Crittenden;Red Hat;1900-01-01;2100-01-01;1
Rob Esker;NetApp;1900-01-01;2100-01-01;2
Rob Raymond;HP;2013-09-03;2100-01-01;1
Robert Clark;HP;1900-01-01;2100-01-01;3
Robert H. Hyerle;HP;1900-01-01;2100-01-01;2
Robert Myers;Rackspace;1900-01-01;2100-01-01;20
Robert Pothier;Cisco Systems;2013-05-24;2100-01-01;1
Robert Tingirica;Cloudbase Solutions;1900-01-01;2100-01-01;1
Robert van Leeuwen;Spilgames;1900-01-01;2100-01-01;2
Robie Basak;Canonical;1900-01-01;2100-01-01;1
rockyg;Huawei;1900-01-01;2100-01-01;2
Rohan Kanade;NTT;1900-01-01;2100-01-01;9
Rohit Karajgi;NTT;1900-01-01;2100-01-01;25
rohitagarwalla;Cisco Systems;2011-07-29;2100-01-01;31
rohitagarwalla roagarwa@cisco.com;Cisco Systems;1900-01-01;2100-01-01;1
Roland Hochmuth;HP;1900-01-01;2100-01-01;1
Roman Bogorodskiy;Mirantis;1900-01-01;2100-01-01;6
Roman Podolyaka;Mirantis;1900-01-01;2100-01-01;74
Roman Prykhodchenko;Mirantis;1900-01-01;2100-01-01;21
Roman Revyakin;-Individual;1900-01-01;2100-01-01;1
Roman Sokolkov;Mirantis;1900-01-01;2100-01-01;1
ronak-c;Nuage & Co;1900-01-01;2100-01-01;1
Ronen Kat;IBM;1900-01-01;2100-01-01;6
Rongze Zhu;Cloudbase Solutions;1900-01-01;2100-01-01;4
Rosario Di Somma;DreamHost;1900-01-01;2100-01-01;5
Rossella Sblendido;Midokura;2013-09-03;2100-01-01;6
rpedde;Rackspace;1900-01-01;2100-01-01;1
Ruby Loo;Yahoo!;1900-01-01;2100-01-01;7
Rudrajit Tapadar;Cisco Systems;2013-08-26;2100-01-01;1
Rupak Ganguly;HP;1900-01-01;2100-01-01;3
Rushi Agrawal;NetApp;1900-01-01;2100-01-01;13
Russell Bryant;Red Hat;1900-01-01;2100-01-01;488
Russell Sim;University of Melbourne;1900-01-01;2100-01-01;5
Ryan Hsu;VMware;1900-01-01;2100-01-01;4
Ryan Lane;Wikimedia Foundation;1900-01-01;2100-01-01;54
Ryan Lucio;Internap;1900-01-01;2100-01-01;6
Ryan Moore;HP;1900-01-01;2100-01-01;2
Ryan O'Hara;Red Hat;1900-01-01;2100-01-01;1
Ryan Petrello;DreamHost;2013-06-27;2100-01-01;9
Ryota MIBU;NEC;1900-01-01;2100-01-01;14
Ryu Ishimoto;Midokura;1900-01-01;2100-01-01;53
Sabari Kumar Murugesan;VMware;1900-01-01;2100-01-01;9
sagar-r-nikam;HP;1900-01-01;2100-01-01;1
Saggi Mizrahi;Red Hat;1900-01-01;2100-01-01;3
Sahdev Zala;IBM;1900-01-01;2100-01-01;13
Sahid Orentino Ferdjaoui;Cloudwatt;1900-01-01;2100-01-01;3
Sai Krishna;Oklahoma State University;1900-01-01;2100-01-01;35
saikrishna;-Individual;1900-01-01;2100-01-01;2
Salvatore Orlando;Nicira;1900-01-01;2012-07-23;180
Salvatore Orlando;VMware;1900-01-01;2100-01-01;164
Sam Alba;dotCloud Inc.;1900-01-01;2100-01-01;1
Sam Harwell;Rackspace;1900-01-01;2100-01-01;3
Sam Morrison;University of Melbourne;1900-01-01;2100-01-01;23
Sam Stoelinga;-Individual;1900-01-01;2100-01-01;3
Samuel Merritt;SwiftStack;1900-01-01;2100-01-01;106
Sandro Mathys;ETH Zurich;1900-01-01;2100-01-01;2
SandyWalsh;Rackspace;1900-01-01;2100-01-01;405
Santhosh;ThoughtWorks;1900-01-01;2100-01-01;40
Santhosh Kumar;ThoughtWorks;1900-01-01;2100-01-01;22
saradpatel;HP;1900-01-01;2100-01-01;10
sarah novotny;Meteor;1900-01-01;2100-01-01;1
Sascha Peilicke;SUSE;1900-01-01;2100-01-01;55
sateesh;Citrix;1900-01-01;2100-01-01;36
Sathish Nagappan;Nebula;1900-01-01;2100-01-01;7
Satyanarayana Patibandla;Tata Consultancy;1900-01-01;2100-01-01;2
saurabh;NEC;1900-01-01;2100-01-01;4
sbauza;Bull SAS;1900-01-01;2100-01-01;12
Scott DAngelo;HP;1900-01-01;2100-01-01;3
Scott Devoid;Argonne National Lab.;1900-01-01;2100-01-01;2
Scott Moser;Canonical;1900-01-01;2100-01-01;62
Scott Radvan;Red Hat;2013-08-26;2100-01-01;6
scuttlemonkey;Inktank;1900-01-01;2100-01-01;1
sdake;Red Hat;1900-01-01;2100-01-01;213
sean;-Individual;1900-01-01;2100-01-01;3
Sean Chen;VMware;1900-01-01;2100-01-01;9
Sean Dague;IBM;1900-01-01;2100-01-01;257
Sean M. Collins;Comcast;1900-01-01;2100-01-01;10
Sean McCully;Rackspace;1900-01-01;2100-01-01;7
Sean Roberts;Yahoo!;2013-06-19;2100-01-01;43
Sean Winn;Cloudscaling;2013-07-27;2100-01-01;7
Sébastien Han;-Individual;1900-01-01;2100-01-01;2
Seif Lotfy;Deutsche Telekom;1900-01-01;2100-01-01;12
Selvakumar Arumugam;-Individual;1900-01-01;2100-01-01;6
Senhua Huang;Cisco Systems;1900-01-01;2100-01-01;3
Serg Melikyan;Mirantis;1900-01-01;2100-01-01;5
Sergey Kolekonov;Mirantis;2013-07-25;2100-01-01;5
Sergey Kraynev;Mirantis;1900-01-01;2100-01-01;8
Sergey Lukjanov;Mirantis;1900-01-01;2100-01-01;43
Sergey Skripnick;Mirantis;1900-01-01;2100-01-01;31
Sergey Vilgelm;Mirantis;1900-01-01;2100-01-01;13
Shane Wang;Intel;1900-01-01;2100-01-01;16
Shaun McCance;Cisco Systems;1900-01-01;2100-01-01;9
Shawn Hartsock;VMware;1900-01-01;2100-01-01;8
Shengjie Min;Dell;2013-04-28;2100-01-01;7
Shevek;Nebula;1900-01-01;2100-01-01;1
Shiv Haris;Brocade;1900-01-01;2100-01-01;12
Shlomi Sasson;Mellanox Tech.;1900-01-01;2100-01-01;2
Shri Javadekar;Maginatics Inc.;1900-01-01;2100-01-01;1
shu,xinxin;Intel;1900-01-01;2100-01-01;2
Shuangtai Tian;Intel;2013-08-21;2100-01-01;6
shuklash;Rackspace;0000-00-00;2100-01-01;1
Shweta P;Cisco Systems;1900-01-01;2100-01-01;21
Simo Sorce;Red Hat;1900-01-01;2100-01-01;4
Simon Pasquier;-Individual;1900-01-01;2100-01-01;12
Sirisha Devineni;Persistent;1900-01-01;2100-01-01;10
Sirushti Murugesan;-Individual;1900-01-01;2100-01-01;2
siyingchun;Sina;1900-01-01;2100-01-01;13
Slamet Hendry;-Individual;1900-01-01;2100-01-01;1
Sleepsonthefloor;Rackspace;1900-01-01;2012-07-20;378
snaiksat;Big Switch Networks;1900-01-01;2100-01-01;1
Soheil Hassas Yeganeh;University of Toronto;1900-01-01;2100-01-01;1
Solly Ross;Red Hat;1900-01-01;2100-01-01;5
Somik Behera;Nicira;1900-01-01;2012-07-23;15
Somik Behera;VMware;2012-07-23;2100-01-01;2
Soren Hansen;Cisco Systems;2012-01-01;2100-01-01;10
Soren Hansen;Nebula;2011-09-01;2012-01-01;29
Soren Hansen;Rackspace;1900-01-01;2011-09-01;450
Sridar Kandaswamy;Cisco Systems;2013-08-11;2100-01-01;2
Stanislav Vitkovskiy;Fairfax;1900-01-01;2100-01-01;1
Stanisław Pitucha;HP;1900-01-01;2100-01-01;56
Stas Maksimov;Dell;1900-01-01;2100-01-01;1
Stef T;Internap;1900-01-01;2100-01-01;4
Stefano Maffulli;OpenStack Foundation;1900-01-01;2100-01-01;28
Stéphane Albert;Objectif-libre;1900-01-01;2100-01-01;4
Stephen Gordon;Red Hat;1900-01-01;2100-01-01;46
Stephen Ma;HP;1900-01-01;2100-01-01;4
Stephen Mulcahy;HP;1900-01-01;2100-01-01;15
Stephen Sugden;Hatsize Learning Corp.;1900-01-01;2100-01-01;1
Steve Baker;Red Hat;1900-01-01;2100-01-01;357
Steve Leon;HP;2012-11-16;2100-01-01;26
Steve Martinelli;IBM;1900-01-01;2100-01-01;49
Steven Berler;DreamHost;1900-01-01;2100-01-01;2
Steven Deaton;Rackspace;1900-01-01;2100-01-01;2
Steven Hardy;Red Hat;1900-01-01;2100-01-01;486
sthakkar;VMware;1900-01-01;2100-01-01;1
Stuart McLaren;HP;1900-01-01;2100-01-01;74
Subashini Soundararajan;RightScale Inc.;1900-01-01;2100-01-01;1
Subramanian Neelakantan;VMware;1900-01-01;2100-01-01;2
Sudarshan Acharya;Rackspace;2012-04-19;2100-01-01;19
sukhdev;Arista Networks;1900-01-01;2100-01-01;3
Sulochan Acharya;Rackspace;1900-01-01;2100-01-01;20
Sumanth Nagadavalli;Rackspace;2013-07-30;2100-01-01;4
Sumit Naiksatam;Big Switch Networks;2012-10-01;2100-01-01;15
Sumit Naiksatam;Cisco Systems;1900-01-01;2012-10-01;109
Summer Long;Red Hat;1900-01-01;2100-01-01;21
Sunil Thaha;Red Hat;1900-01-01;2100-01-01;3
Surya Prabhakar;Dell;1900-01-01;2100-01-01;1
Sushil Kumar;GlobalLogic;1900-01-01;2100-01-01;1
Svetlana Shturm;Mirantis;1900-01-01;2100-01-01;25
Swaminathan Vasudevan;HP;2013-07-30;2100-01-01;3
Swann Croiset;-Individual;1900-01-01;2100-01-01;10
Swapnil Kulkarni;Calsoft Inc.;1900-01-01;2100-01-01;2
Syed Armani;-Individual;1900-01-01;2100-01-01;7
Sylvain Afchain;eNovance;2013-04-16;2100-01-01;16
Takaaki Suzuki;Midokura;1900-01-01;2100-01-01;4
Tal Kammer;Red Hat;1900-01-01;2100-01-01;2
Tatiana Mazur;Mirantis;1900-01-01;2100-01-01;23
Tatyana Leontovich;Yahoo!;1900-01-01;2100-01-01;17
Teng Li;Sina;1900-01-01;2100-01-01;1
Teran McKinney;Rackspace;2013-08-07;2100-01-01;2
Terri Yu;-Individual;1900-01-01;2100-01-01;15
Terry Wilson;Red Hat;2013-03-28;2100-01-01;1
Therese McHale;HP;1900-01-01;2100-01-01;2
Thiago Morello;Locaweb;1900-01-01;2100-01-01;1
Thierry Carrez;Rackspace;1900-01-01;2100-01-01;275
Thomas Bechtold;JPBerlin;1900-01-01;2100-01-01;4
Thomas Goirand;GPLHost;1900-01-01;2100-01-01;2
Thomas Herve;Rackspace;2013-04-29;2100-01-01;34
Thomas Leaman;HP;2013-07-09;2100-01-01;4
Thomas Maddox;Rackspace;2013-09-09;2100-01-01;2
Thomas Spatzier;IBM;1900-01-01;2100-01-01;7
Thorsten Tarrach;Atomia;1900-01-01;2100-01-01;3
Tiago Mello;IBM;1900-01-01;2100-01-01;40
Tihomir Trifonov;Everbread;1900-01-01;2100-01-01;66
tilottama gaat;Rackspace;1900-01-01;2100-01-01;1
Tim Daly, Jr;Yahoo!;1900-01-01;2100-01-01;3
Tim Miller;Blue Box Group;1900-01-01;2100-01-01;81
Tim Potter;HP;1900-01-01;2100-01-01;1
Tim Schnell;Rackspace;2013-07-16;2100-01-01;2
Tim Simpson;Rackspace;1900-01-01;2100-01-01;141
Tim Smith;Gridcentric;1900-01-01;2100-01-01;1
Timur Sufiev;Mirantis;1900-01-01;2100-01-01;1
Toan Nguyen;Rackspace;1900-01-01;2100-01-01;1
Tobias Stevenson;Virtual Bridges;1900-01-01;2100-01-01;1
Todd Willey;Ansolabs ;1900-01-01;2011-04-01;235
Todd Willey;Rackspace;2011-04-01;2100-01-01;58
Tom Fifield;NeCTAR;2013-06-03;2100-01-01;93
Tom Fifield;University of Melbourne;1900-01-01;2013-06-03;253
Tomas Hancock;HP;1900-01-01;2100-01-01;11
Tomas Sedovic;Red Hat;2012-03-20;2100-01-01;68
Tomasz 'Zen' Napierala;Mirantis;1900-01-01;2100-01-01;2
Tomoe Sugihara;Midokura;1900-01-01;2100-01-01;7
Tong Li;IBM;1900-01-01;2100-01-01;35
Tony NIU;-Individual;1900-01-01;2100-01-01;2
Tony Yang;IBM;2013-06-09;2100-01-01;3
Toshiyuki Hayashi;NTT;1900-01-01;2100-01-01;3
Tracy Jones;VMware;1900-01-01;2100-01-01;3
Tres Henry;Nebula;1900-01-01;2100-01-01;49
Trey Morris;Rackspace;1900-01-01;2100-01-01;322
Troy Toman;Rackspace;1900-01-01;2100-01-01;7
Tushar Patil;NTT;1900-01-01;2100-01-01;86
Tyler North;Piston Cloud;1900-01-01;2100-01-01;2
Tyler Smith;Cisco Systems;1900-01-01;2100-01-01;38
Tzu-Mainn Chen;Red Hat;1900-01-01;2100-01-01;2
umamohan;HP;1900-01-01;2100-01-01;1
Unmesh Gurjar;NTT;1900-01-01;2100-01-01;46
vaddi kiran;Persistent;1900-01-01;2100-01-01;1
Vasiliy Khomenko;Yahoo!;1900-01-01;2100-01-01;11
Venkatesh Sampath;Rackspace;2013-05-31;2100-01-01;6
Vic Howard;Comcast;1900-01-01;2100-01-01;1
Victor Rodionov;Nexenta;1900-01-01;2100-01-01;35
Victor Sergeyev;Mirantis;1900-01-01;2100-01-01;36
Victoria Martínez de la Cruz;-Individual;1900-01-01;2100-01-01;12
vijaya-erukala;Persistent;1900-01-01;2100-01-01;6
Vijendar Komalla;Rackspace;2013-06-21;2100-01-01;12
Vincent Hou;IBM;1900-01-01;2100-01-01;16
Vincent Untz;SUSE;1900-01-01;2100-01-01;25
vinkesh banka;ThoughtWorks;1900-01-01;2100-01-01;63
Vipul Sabhaya;HP;1900-01-01;2100-01-01;17
Viraj Hardikar;HP;1900-01-01;2100-01-01;4
vishvananda;Nebula;2012-07-20;2100-01-01;234
vishvananda;Rackspace;1900-01-01;2012-07-20;1236
Vitaliy Kolosov;Grid Dynamics;2013-09-09;2100-01-01;1
Vladimir Vechkanov;Mirantis;2013-03-22;2100-01-01;3
vladimir.p;Zadara Storage;1900-01-01;2100-01-01;57
Vladislav Kuzmin;Mirantis;2013-08-21;2100-01-01;4
VMTrooper;Cisco Systems;1900-01-01;2100-01-01;3
Vui Lam;VMware;1900-01-01;2100-01-01;2
Walter A. Boring IV;HP;1900-01-01;2100-01-01;50
Walter Batterson;Brinkster Comm.;1900-01-01;2100-01-01;1
Wangpan;NetEase;2012-11-29;2100-01-01;26
Wayne A. Walls;Rackspace;1900-01-01;2100-01-01;2
Wenhao Xu;Zelin;1900-01-01;2100-01-01;6
William Kelly;Rackspace;1900-01-01;2100-01-01;2
William Oprandi;-Individual;1900-01-01;2100-01-01;2
William Wolf;Rackspace;1900-01-01;2100-01-01;179
wingwj;-Individual;1900-01-01;2100-01-01;3
Winson Chan;Intel;2013-05-10;2100-01-01;5
Wu Wenxiang;99cloud;1900-01-01;2100-01-01;35
Xavier Queralt;Red Hat;1900-01-01;2100-01-01;24
xchenum;AT&T;1900-01-01;2100-01-01;2
Xiangyang Chu;Red Hat;1900-01-01;2100-01-01;3
Xiao Chen;IBM;2013-09-11;2100-01-01;1
Xiao Hanyu;-Individual;1900-01-01;2100-01-01;3
xiaoxi_chen;Intel;1900-01-01;2100-01-01;9
Xing Yang;EMC;2012-12-25;2100-01-01;13
xingzhou;IBM;2013-05-27;2100-01-01;9
XueChendi;Intel;2013-07-08;2100-01-01;1
Xuhan Peng;IBM;2013-04-25;2100-01-01;1
xushichao;Sina;1900-01-01;2100-01-01;2
Yair Fried;Red Hat;2013-09-12;2100-01-01;1
YAMAMOTO Takashi;VA Linux;1900-01-01;2100-01-01;4
Yang Hongyang;-Individual;1900-01-01;2100-01-01;1
Yang Yu;IBM;2013-04-17;2100-01-01;10
YangLei;IBM;2013-05-28;2100-01-01;9
Yangyang Zheng;CIeNET Tech.;1900-01-01;2100-01-01;1
Yassine Lamgarchal;eNovance;2013-07-03;2100-01-01;2
Yazz Atlas;HP;1900-01-01;2100-01-01;1
Yazz D. Atlas;HP;1900-01-01;2100-01-01;1
Yegor Minin;-Individual;1900-01-01;2100-01-01;1
Yejia Xu;UnitedStack;1900-01-01;2100-01-01;2
Ying Chun Guo;IBM;1900-01-01;2100-01-01;26
Ying Liu;Cisco Systems;1900-01-01;2100-01-01;24
Yogeshwar Srikrishnan;Rackspace;1900-01-01;2100-01-01;164
yolanda.robla;Canonical;1900-01-01;2100-01-01;5
Yosef Berman;Cloudscaling;1900-01-01;2100-01-01;6
Yoshiaki Tamura;Midokura;1900-01-01;2100-01-01;8
Yoshihiro Kaneko;-Individual;1900-01-01;2100-01-01;19
You Ji;Intel;1900-01-01;2100-01-01;2
You Yamagata;Bit-isle Inc.;1900-01-01;2100-01-01;4
Your Name;Canonical;2012-12-01;2100-01-01;54
Your Name;Sina;1900-01-01;2012-12-01;43
Yuan Zhou;Intel;1900-01-01;2100-01-01;7
yuanke wei;Comcast;1900-01-01;2100-01-01;2
Yufang Zhang;Qihoo 360 Tech.;1900-01-01;2100-01-01;20
yugsuo;Sina;1900-01-01;2013-08-15;4
Yuiko Takada;NEC;1900-01-01;2100-01-01;1
Yulia Portnova;Mirantis;2013-07-12;2100-01-01;3
Yun Mao;AT&T;1900-01-01;2100-01-01;84
Yun Shen;HP;1900-01-01;2100-01-01;2
Yunhong, Jiang;Intel;1900-01-01;2100-01-01;23
Yuriy Taraday;Mirantis;1900-01-01;2100-01-01;106
Yuriy Zveryanskyy;Mirantis;1900-01-01;2100-01-01;52
Yusuke Muraoka;NTT;1900-01-01;2100-01-01;1
yuxcer;Sina;1900-01-01;2100-01-01;1
YUZAWA Takahiko;NTT;1900-01-01;2100-01-01;1
Yuzlikeev Eduard;Mirantis;1900-01-01;2100-01-01;6
Yves-Gwenael Bourhis;Cloudwatt;1900-01-01;2100-01-01;2
ywang19;Intel;1900-01-01;2100-01-01;1
Zaina Afoulki;Rackspace;1900-01-01;2100-01-01;1
Zane Bitter;Red Hat;1900-01-01;2100-01-01;456
Zang MingJie;-Individual;1900-01-01;2100-01-01;2
Zap Chang;-Individual;1900-01-01;2100-01-01;1
zaro0508;HP;1900-01-01;2100-01-01;36
Zhang Chun;99cloud;1900-01-01;2100-01-01;2
Zhang Jinnan;99cloud;1900-01-01;2100-01-01;1
Zhang Xin;99cloud;1900-01-01;2100-01-01;1
zhang-hare;IBM;1900-01-01;2100-01-01;2
zhaoxinyu;Huawei;1900-01-01;2100-01-01;2
Zhengguang;-Individual;1900-01-01;2100-01-01;2
Zhesen;NTT;1900-01-01;2100-01-01;10
zhhuabj;IBM;1900-01-01;2100-01-01;17
Zhigang Wang;Oracle;1900-01-01;2100-01-01;1
Zhihao Yuan;Rackspace;2013-03-05;2100-01-01;92
ZhiQiang Fan;-Individual;1900-01-01;2100-01-01;43
Zhiteng Huang;Intel;1900-01-01;2100-01-01;52
zhiyanliu;IBM;1900-01-01;2100-01-01;36
Zhou ShaoYu;NetEase;2013-01-29;2100-01-01;2
Zhu Zhu;IBM;2013-09-19;2100-01-01;4
ZhuRongze;Sina;1900-01-01;2100-01-01;51
ziadsawalha;Rackspace;1900-01-01;2100-01-01;257
Łukasz Jernaś;Allegro Group;1900-01-01;2100-01-01;2
